"Date","Price","Open","High","Low","Vol.","Change %"
"04/04/2024","229.00","232.00","229.00","229.00","1.84M","-1.29%"
"03/04/2024","232.00","232.00","232.00","225.00","1.31M","0.00%"
"02/04/2024","232.00","232.00","235.00","220.00","203.03K","0.00%"
"28/03/2024","232.00","229.90","232.00","229.90","3.21M","0.91%"
"27/03/2024","229.90","231.00","231.00","229.90","2.63M","-0.48%"
"26/03/2024","231.00","235.00","231.00","230.00","5.25M","-1.70%"
"25/03/2024","235.00","235.00","238.00","235.00","11.06M","0.00%"
"22/03/2024","235.00","235.00","235.00","235.00","1.49M","0.00%"
"21/03/2024","235.00","240.00","235.00","235.00","728.42K","-2.08%"
"20/03/2024","240.00","240.00","240.00","230.10","381.59K","0.00%"
"19/03/2024","240.00","247.50","240.00","240.00","2.84M","-3.03%"
"18/03/2024","247.50","267.80","248.00","247.50","1.61M","-7.58%"
"15/03/2024","267.80","248.00","267.80","267.80","2.04M","7.98%"
"14/03/2024","248.00","249.00","249.00","248.00","3.21M","-0.40%"
"13/03/2024","249.00","243.50","249.00","248.60","2.90M","2.26%"
"12/03/2024","243.50","221.40","243.50","230.00","1.72M","9.98%"
"11/03/2024","221.40","221.40","243.30","223.00","1.68M","0.00%"
"08/03/2024","221.40","201.30","221.40","201.30","5.87M","9.99%"
"07/03/2024","201.30","183.00","201.30","185.00","2.02M","10.00%"
"06/03/2024","183.00","183.00","196.90","184.10","1.01M","0.00%"
"05/03/2024","183.00","185.00","183.00","175.00","5.00M","-1.08%"
"04/03/2024","185.00","200.70","185.00","185.00","4.60M","-7.82%"
"01/03/2024","200.70","222.90","200.70","200.70","1.68M","-9.96%"
"29/02/2024","222.90","222.90","220.90","200.70","1.04M","0.00%"
"28/02/2024","222.90","222.90","208.50","200.70","1.23M","0.00%"
"27/02/2024","222.90","247.50","222.90","222.90","1.42M","-9.94%"
"26/02/2024","247.50","247.50","233.00","222.80","1.13M","0.00%"
"23/02/2024","247.50","247.50","234.90","222.80","1.12M","0.00%"
"22/02/2024","247.50","247.50","234.70","222.80","1.16M","0.00%"
"21/02/2024","247.50","247.50","228.90","222.80","1.31M","0.00%"
"20/02/2024","247.50","247.50","244.00","222.80","810.32K","0.00%"
"19/02/2024","247.50","275.00","247.50","247.50","299.74K","-10.00%"
"16/02/2024","275.00","275.00","250.00","247.50","1.19M","0.00%"
"15/02/2024","275.00","275.00","250.00","247.50","1.25M","0.00%"
"14/02/2024","275.00","275.00","249.50","247.50","997.55K","0.00%"
"13/02/2024","275.00","275.00","252.00","248.70","1.20M","0.00%"
"12/02/2024","275.00","275.00","260.00","247.50","1.33M","0.00%"
"09/02/2024","275.00","275.00","265.00","248.10","281.97K","0.00%"
"08/02/2024","275.00","275.00","275.00","247.50","535.84K","0.00%"
"07/02/2024","275.00","275.00","275.00","268.60","276.88K","0.00%"
"06/02/2024","275.00","274.00","275.00","275.00","2.43M","0.36%"
"05/02/2024","274.00","290.00","274.00","274.00","1.77M","-5.52%"
"02/02/2024","290.00","275.00","290.00","290.00","904.44K","5.45%"
"01/02/2024","275.00","281.00","275.00","275.00","1.80M","-2.14%"
"31/01/2024","281.00","293.90","319.80","281.00","10.73M","-4.39%"
"30/01/2024","293.90","293.90","292.00","271.10","1.78M","0.00%"
"29/01/2024","293.90","293.90","292.00","286.00","792.31K","0.00%"
"26/01/2024","293.90","293.90","292.40","286.10","884.98K","0.00%"
"25/01/2024","293.90","293.90","291.70","286.00","1.63M","0.00%"
"24/01/2024","293.90","293.90","292.90","285.30","885.78K","0.00%"
"23/01/2024","293.90","290.00","293.90","290.00","3.04M","1.34%"
"22/01/2024","290.00","290.10","290.00","290.00","6.08M","-0.03%"
"19/01/2024","290.10","288.10","290.10","290.00","2.51M","0.69%"
"18/01/2024","288.10","288.00","288.10","288.10","1.66M","0.03%"
"17/01/2024","288.00","288.00","288.00","288.00","1.67M","0.00%"
"16/01/2024","288.00","283.00","288.50","286.00","1.59M","1.77%"
"15/01/2024","283.00","283.00","288.50","275.10","2.83M","0.00%"
"12/01/2024","283.00","283.00","287.90","280.10","382.85K","0.00%"
"11/01/2024","283.00","282.00","283.00","281.30","3.41M","0.35%"
"10/01/2024","282.00","295.00","285.00","282.00","3.50M","-4.41%"
"09/01/2024","295.00","285.00","295.00","295.00","2.28M","3.51%"
"08/01/2024","285.00","285.00","285.00","283.00","4.02M","0.00%"
"05/01/2024","285.00","271.50","285.00","285.00","804.52K","4.97%"
"04/01/2024","271.50","264.00","271.50","271.50","1.37M","2.84%"
"03/01/2024","264.00","264.00","280.00","264.00","441.14K","0.00%"
"02/01/2024","264.00","264.00","274.00","263.00","564.33K","0.00%"
"29/12/2023","264.00","262.50","264.00","264.00","675.81K","0.57%"
"28/12/2023","262.50","251.00","262.50","255.00","3.10M","4.58%"
"27/12/2023","251.00","250.00","251.00","251.00","680.40K","0.40%"
"22/12/2023","250.00","259.80","250.00","250.00","2.20M","-3.77%"
"21/12/2023","259.80","246.50","259.80","259.80","819.10K","5.40%"
"20/12/2023","246.50","246.50","249.50","247.00","925.74K","0.00%"
"19/12/2023","246.50","245.00","246.50","246.50","2.36M","0.61%"
"18/12/2023","245.00","245.00","245.00","245.00","2.42M","0.00%"
"15/12/2023","245.00","245.00","250.00","245.00","1.52M","0.00%"
"14/12/2023","245.00","245.00","250.00","245.00","839.83K","0.00%"
"13/12/2023","245.00","245.00","248.00","240.00","763.93K","0.00%"
"12/12/2023","245.00","240.00","245.00","240.00","1.55M","2.08%"
"11/12/2023","240.00","238.60","240.00","240.00","1.07M","0.59%"
"08/12/2023","238.60","238.60","241.00","238.60","326.07K","0.00%"
"07/12/2023","238.60","238.60","243.00","238.00","480.43K","0.00%"
"06/12/2023","238.60","238.00","238.60","238.50","3.93M","0.25%"
"05/12/2023","238.00","238.00","238.00","238.00","5.58M","0.00%"
"04/12/2023","238.00","238.00","240.50","238.00","439.95K","0.00%"
"01/12/2023","238.00","238.00","241.80","238.10","404.97K","0.00%"
"30/11/2023","238.00","238.00","238.00","238.00","5.44M","0.00%"
"29/11/2023","238.00","238.00","238.00","238.00","2.90M","0.00%"
"28/11/2023","238.00","238.00","239.00","236.00","651.04K","0.00%"
"27/11/2023","238.00","238.00","238.00","238.00","1.38M","0.00%"
"24/11/2023","238.00","238.00","238.00","238.00","1.72M","0.00%"
"23/11/2023","238.00","238.00","238.00","238.00","1.13M","0.00%"
"22/11/2023","238.00","239.50","238.00","238.00","11.80M","-0.63%"
"21/11/2023","239.50","239.50","240.00","238.00","456.66K","0.00%"
"20/11/2023","239.50","239.50","242.00","239.20","361.67K","0.00%"
"17/11/2023","239.50","241.00","239.50","239.50","3.27M","-0.62%"
"16/11/2023","241.00","240.50","241.00","241.00","655.89K","0.21%"
"15/11/2023","240.50","240.00","240.70","240.00","2.07M","0.21%"
"14/11/2023","240.00","240.00","242.90","240.00","1.03M","0.00%"
"13/11/2023","240.00","234.00","240.00","240.00","9.37M","2.56%"
"10/11/2023","234.00","234.00","239.70","235.00","236.80K","0.00%"
"09/11/2023","234.00","234.00","237.00","234.00","567.40K","0.00%"
"08/11/2023","234.00","234.00","239.80","234.00","811.14K","0.00%"
"07/11/2023","234.00","234.00","241.90","235.10","462.49K","0.00%"
"06/11/2023","234.00","234.00","242.00","234.00","472.05K","0.00%"
"03/11/2023","234.00","240.00","234.00","234.00","8.79M","-2.50%"
"02/11/2023","240.00","246.00","240.00","240.00","2.88M","-2.44%"
"01/11/2023","246.00","246.00","244.00","230.30","1.35M","0.00%"
"31/10/2023","246.00","246.00","246.00","240.10","2.07M","0.00%"
"30/10/2023","246.00","246.50","248.00","246.00","4.49M","-0.20%"
"27/10/2023","246.50","249.00","246.50","246.50","440.30K","-1.00%"
"26/10/2023","249.00","250.00","249.00","249.00","405.39K","-0.40%"
"25/10/2023","250.00","250.00","250.00","248.10","434.47K","0.00%"
"24/10/2023","250.00","250.00","250.00","250.00","955.88K","0.20%"
"23/10/2023","249.50","249.50","250.00","249.50","293.05K","0.00%"
"20/10/2023","249.50","249.50","250.00","249.50","450.04K","0.00%"
"19/10/2023","249.50","250.00","249.50","249.50","1.59M","-0.20%"
"18/10/2023","250.00","250.00","251.00","249.50","540.52K","0.00%"
"17/10/2023","250.00","250.00","252.00","249.50","619.89K","0.00%"
"16/10/2023","250.00","250.00","252.00","249.50","488.09K","0.00%"
"13/10/2023","250.00","250.00","250.00","249.50","224.88K","0.00%"
"12/10/2023","250.00","250.00","251.00","249.50","433.83K","0.00%"
"11/10/2023","250.00","250.00","250.00","250.00","1.00M","0.00%"
"10/10/2023","250.00","250.00","259.00","249.10","342.86K","0.00%"
"09/10/2023","250.00","250.00","259.90","248.50","747.20K","0.00%"
"06/10/2023","250.00","250.00","254.00","246.10","1.30M","0.00%"
"05/10/2023","250.00","250.00","255.00","245.00","395.22K","0.00%"
"04/10/2023","250.00","260.00","250.00","250.00","1.27M","-3.85%"
"03/10/2023","260.00","264.00","260.00","260.00","490.73K","-1.52%"
"29/09/2023","264.00","264.50","264.00","260.00","2.95M","-0.19%"
"28/09/2023","264.50","264.50","268.90","260.30","730.16K","0.00%"
"26/09/2023","264.50","264.50","268.00","260.10","261.27K","0.00%"
"25/09/2023","264.50","269.00","264.50","264.50","2.28M","-1.67%"
"22/09/2023","269.00","269.00","270.00","266.30","334.76K","0.00%"
"21/09/2023","269.00","270.10","269.00","269.00","2.69M","-0.41%"
"20/09/2023","270.10","270.10","270.00","265.00","417.40K","0.00%"
"19/09/2023","270.10","270.10","270.00","265.20","234.59K","0.00%"
"18/09/2023","270.10","270.10","272.80","268.10","481.94K","0.00%"
"15/09/2023","270.10","270.00","270.10","270.10","766.39K","0.04%"
"14/09/2023","270.00","270.00","270.00","270.00","2.50M","0.00%"
"13/09/2023","270.00","270.00","270.00","270.00","3.19M","0.00%"
"12/09/2023","270.00","274.20","270.00","270.00","822.51K","-1.53%"
"11/09/2023","274.20","274.20","274.50","268.00","690.16K","0.00%"
"08/09/2023","274.20","274.50","274.40","274.20","969.81K","-0.11%"
"07/09/2023","274.50","274.50","274.50","274.50","684.82K","0.00%"
"06/09/2023","274.50","274.50","274.50","271.60","370.85K","0.00%"
"05/09/2023","274.50","274.40","274.50","274.50","1.44M","0.04%"
"04/09/2023","274.40","274.40","275.00","273.50","1.53M","0.00%"
"01/09/2023","274.40","274.50","274.40","274.40","661.37K","-0.04%"
"31/08/2023","274.50","274.50","274.70","272.00","1.22M","0.00%"
"30/08/2023","274.50","274.50","274.80","272.00","506.11K","0.00%"
"29/08/2023","274.50","274.50","274.80","271.00","712.33K","0.00%"
"28/08/2023","274.50","274.50","274.50","274.50","820.04K","0.00%"
"25/08/2023","274.50","274.50","275.00","270.00","395.60K","0.00%"
"24/08/2023","274.50","275.00","290.00","274.50","21.34M","-0.18%"
"23/08/2023","275.00","275.00","276.00","270.50","2.47M","0.00%"
"22/08/2023","275.00","275.00","276.00","275.00","2.88M","0.00%"
"21/08/2023","275.00","275.00","275.20","275.00","5.25M","0.00%"
"18/08/2023","275.00","274.40","275.00","273.00","1.08M","0.22%"
"17/08/2023","274.40","274.40","299.00","265.10","889.81K","-2.00%"
"16/08/2023","280.00","280.00","280.00","280.00","3.95M","0.00%"
"15/08/2023","280.00","279.90","280.00","280.00","3.48M","0.04%"
"14/08/2023","279.90","279.90","282.00","279.00","628.48K","0.00%"
"11/08/2023","279.90","277.00","279.90","279.90","658.58K","1.05%"
"10/08/2023","277.00","276.00","277.00","277.00","1.87M","0.36%"
"09/08/2023","276.00","280.00","276.00","276.00","1.69M","-1.43%"
"08/08/2023","280.00","280.00","279.00","275.00","1.22M","0.00%"
"07/08/2023","280.00","277.00","280.00","279.00","2.01M","1.08%"
"04/08/2023","277.00","280.00","277.00","272.20","4.96M","-1.07%"
"03/08/2023","280.00","263.00","280.00","272.00","1.13M","6.46%"
"02/08/2023","263.00","263.00","282.00","262.00","416.27K","0.00%"
"01/08/2023","263.00","262.00","263.00","263.00","3.61M","0.38%"
"31/07/2023","262.00","272.00","262.00","262.00","3.79M","-3.68%"
"28/07/2023","272.00","275.10","272.00","272.00","434.40K","-1.13%"
"27/07/2023","275.10","275.10","279.90","274.00","639.58K","0.00%"
"26/07/2023","275.10","284.90","275.10","274.00","1.44M","-3.44%"
"25/07/2023","284.90","270.00","284.90","284.90","2.55M","5.52%"
"24/07/2023","270.00","270.00","273.50","268.00","414.94K","0.00%"
"21/07/2023","270.00","270.00","273.00","268.00","457.16K","0.00%"
"20/07/2023","270.00","270.00","270.00","270.00","1.47M","0.00%"
"19/07/2023","270.00","265.10","270.00","270.00","539.21K","1.85%"
"18/07/2023","265.10","265.10","269.00","258.40","1.58M","0.00%"
"17/07/2023","265.10","265.10","265.10","251.00","1.43M","0.00%"
"14/07/2023","265.10","265.10","270.00","250.90","1.31M","0.00%"
"13/07/2023","265.10","278.00","270.00","265.10","2.01M","-4.64%"
"12/07/2023","278.00","278.00","279.00","260.20","1.62M","0.00%"
"11/07/2023","278.00","280.00","285.00","278.00","1.43M","-0.71%"
"10/07/2023","280.00","275.00","280.00","279.00","11.98M","1.82%"
"07/07/2023","275.00","274.00","275.00","275.00","1.28M","0.36%"
"06/07/2023","274.00","274.00","274.00","274.00","1.77M","0.00%"
"05/07/2023","274.00","273.00","274.00","274.00","893.16K","0.37%"
"04/07/2023","273.00","278.00","273.00","273.00","1.37M","-1.80%"
"03/07/2023","278.00","273.40","278.00","278.00","1.08M","1.68%"
"30/06/2023","273.40","267.20","273.40","273.40","791.88K","2.32%"
"27/06/2023","267.20","260.00","267.20","260.00","5.21M","2.77%"
"26/06/2023","260.00","265.50","264.90","260.00","1.47M","-2.07%"
"23/06/2023","265.50","265.50","266.00","263.10","2.33M","0.00%"
"22/06/2023","265.50","265.00","265.50","265.00","3.27M","0.19%"
"21/06/2023","265.00","265.00","265.00","265.00","1.36M","0.00%"
"20/06/2023","265.00","265.00","265.00","265.00","3.36M","0.00%"
"19/06/2023","265.00","274.00","270.00","265.00","2.71M","-3.28%"
"16/06/2023","274.00","274.00","274.00","256.00","2.10M","0.00%"
"15/06/2023","274.00","284.90","274.00","274.00","2.37M","-3.83%"
"14/06/2023","284.90","259.00","284.90","269.90","3.40M","10.00%"
"13/06/2023","259.00","250.00","260.00","257.00","4.98M","3.60%"
"09/06/2023","250.00","250.00","250.00","250.00","2.18M","0.00%"
"08/06/2023","250.00","249.90","250.00","246.60","4.84M","0.04%"
"07/06/2023","249.90","249.90","249.20","245.00","865.75K","0.00%"
"06/06/2023","249.90","249.90","249.70","241.10","610.47K","0.00%"
"05/06/2023","249.90","249.90","248.00","241.50","550.16K","0.00%"
"02/06/2023","249.90","249.90","249.00","242.00","446.83K","0.00%"
"01/06/2023","249.90","251.00","249.90","249.90","1.04M","-0.44%"
"31/05/2023","251.00","250.00","251.00","250.00","3.44M","0.40%"
"30/05/2023","250.00","232.50","253.00","234.00","3.62M","7.53%"
"26/05/2023","232.50","231.20","232.50","231.80","6.68M","0.56%"
"25/05/2023","231.20","231.00","231.20","231.20","1.28M","0.09%"
"24/05/2023","231.00","231.00","231.00","231.00","1.89M","0.00%"
"23/05/2023","231.00","231.00","231.00","231.00","2.17M","0.00%"
"22/05/2023","231.00","229.00","233.00","229.00","1.85M","0.87%"
"19/05/2023","229.00","229.00","229.00","229.00","2.46M","0.00%"
"18/05/2023","229.00","229.00","229.00","229.00","1.62M","0.00%"
"17/05/2023","229.00","229.00","229.00","229.00","6.10M","0.00%"
"16/05/2023","229.00","229.00","229.90","228.90","2.69M","0.00%"
"15/05/2023","229.00","229.00","229.00","229.00","576.24K","0.00%"
"12/05/2023","229.00","229.00","229.00","229.00","1.36M","0.00%"
"11/05/2023","229.00","229.00","230.00","228.90","493.91K","0.00%"
"10/05/2023","229.00","228.90","230.00","229.00","1.12M","0.04%"
"09/05/2023","228.90","228.90","229.90","228.10","882.23K","0.00%"
"08/05/2023","228.90","228.90","228.90","228.90","1.01M","0.00%"
"05/05/2023","228.90","229.00","229.00","228.90","1.56M","-0.04%"
"04/05/2023","229.00","228.50","229.00","229.00","1.25M","0.22%"
"03/05/2023","228.50","230.00","228.50","228.50","682.00K","-0.65%"
"02/05/2023","230.00","228.70","230.00","229.00","3.84M","0.57%"
"28/04/2023","228.70","230.00","228.70","228.50","2.40M","-0.57%"
"27/04/2023","230.00","230.00","229.80","226.00","305.23K","0.00%"
"26/04/2023","230.00","229.00","230.00","229.50","1.94M","0.44%"
"25/04/2023","229.00","224.00","229.00","224.00","1.42M","2.23%"
"20/04/2023","224.00","224.00","224.00","224.00","1.75M","0.00%"
"19/04/2023","224.00","224.00","226.00","220.00","703.95K","0.00%"
"18/04/2023","224.00","224.00","224.00","224.00","2.16M","0.00%"
"17/04/2023","224.00","240.00","224.00","224.00","587.32K","-6.67%"
"14/04/2023","240.00","240.00","229.70","218.00","346.35K","0.00%"
"13/04/2023","240.00","240.00","225.00","218.10","169.27K","0.00%"
"12/04/2023","240.00","240.00","223.00","217.00","735.05K","0.00%"
"11/04/2023","240.00","240.00","226.90","218.00","510.49K","0.00%"
"06/04/2023","240.00","240.00","228.00","220.00","176.68K","0.00%"
"05/04/2023","240.00","240.00","227.80","217.00","260.56K","0.00%"
"04/04/2023","240.00","240.00","238.00","220.30","663.73K","0.00%"
"03/04/2023","240.00","240.00","239.00","220.00","278.96K","0.00%"
"31/03/2023","240.00","240.00","240.00","230.00","808.58K","0.00%"
"30/03/2023","240.00","220.40","240.00","223.10","977.76K","8.89%"
"29/03/2023","220.40","223.00","220.40","220.40","2.49M","-1.17%"
"28/03/2023","223.00","223.00","230.00","205.00","835.55K","-4.29%"
"27/03/2023","233.00","236.00","234.00","232.80","8.26M","-1.27%"
"24/03/2023","236.00","236.00","235.90","233.50","4.19M","0.00%"
"23/03/2023","236.00","236.00","236.00","236.00","1.57M","0.00%"
"22/03/2023","236.00","236.00","239.90","231.50","215.23K","0.00%"
"21/03/2023","236.00","236.00","237.00","230.00","421.62K","0.00%"
"20/03/2023","236.00","236.00","239.90","230.10","200.84K","0.00%"
"17/03/2023","236.00","236.00","238.00","230.00","429.29K","0.00%"
"16/03/2023","236.00","248.30","236.00","236.00","904.29K","-4.95%"
"15/03/2023","248.30","248.30","248.30","234.00","473.31K","0.00%"
"14/03/2023","248.30","248.30","249.00","246.00","1.15M","0.00%"
"13/03/2023","248.30","248.30","249.00","248.00","462.73K","0.00%"
"10/03/2023","248.30","248.30","249.00","246.10","182.58K","0.00%"
"09/03/2023","248.30","249.50","248.30","246.00","982.91K","-0.48%"
"08/03/2023","249.50","248.00","249.50","249.50","598.91K","0.60%"
"07/03/2023","248.00","248.00","248.00","245.00","360.67K","0.00%"
"06/03/2023","248.00","245.00","248.00","248.00","680.66K","1.22%"
"03/03/2023","245.00","245.00","246.90","231.00","395.95K","0.00%"
"02/03/2023","245.00","245.00","250.00","240.00","143.74K","0.00%"
"01/03/2023","245.00","245.00","250.00","248.70","489.50K","0.00%"
"28/02/2023","245.00","245.00","255.00","248.50","378.12K","0.00%"
"27/02/2023","245.00","245.00","250.00","245.00","289.92K","0.00%"
"24/02/2023","245.00","245.50","245.00","245.00","1.65M","-0.20%"
"23/02/2023","245.50","245.50","245.50","241.20","537.86K","0.00%"
"22/02/2023","245.50","245.50","245.50","239.00","1.23M","0.00%"
"21/02/2023","245.50","245.50","245.30","238.50","2.03M","0.00%"
"20/02/2023","245.50","245.50","245.50","240.50","398.45K","0.00%"
"17/02/2023","245.50","245.50","244.30","240.30","1.73M","0.00%"
"16/02/2023","245.50","245.50","244.90","240.00","318.97K","0.00%"
"15/02/2023","245.50","245.50","246.00","240.00","1.35M","0.00%"
"14/02/2023","245.50","241.90","247.00","245.50","1.07M","1.49%"
"13/02/2023","241.90","241.90","250.00","242.20","565.55K","0.00%"
"10/02/2023","241.90","243.90","241.90","241.90","2.85M","-0.82%"
"09/02/2023","243.90","243.90","244.00","239.60","465.84K","0.00%"
"08/02/2023","243.90","243.90","245.00","236.00","755.37K","0.00%"
"07/02/2023","243.90","242.00","243.90","243.90","1.98M","0.79%"
"06/02/2023","242.00","237.90","242.00","242.00","917.81K","1.72%"
"03/02/2023","237.90","233.50","237.90","237.90","810.88K","1.88%"
"02/02/2023","233.50","225.00","233.50","233.50","499.63K","3.78%"
"01/02/2023","225.00","225.00","234.90","230.00","549.16K","0.00%"
"31/01/2023","225.00","225.00","230.90","227.00","394.12K","0.00%"
"30/01/2023","225.00","225.00","230.00","225.00","399.42K","0.00%"
"27/01/2023","225.00","229.00","225.00","215.00","1.82M","-1.75%"
"26/01/2023","229.00","229.00","230.60","226.00","251.71K","0.00%"
"25/01/2023","229.00","230.00","229.00","226.00","2.28M","-0.43%"
"24/01/2023","230.00","230.00","230.50","226.00","441.68K","0.00%"
"23/01/2023","230.00","229.90","230.00","230.00","1.43M","0.04%"
"20/01/2023","229.90","229.90","234.80","230.00","501.63K","0.00%"
"19/01/2023","229.90","229.90","234.00","230.00","882.97K","0.00%"
"18/01/2023","229.90","229.90","234.00","228.00","964.69K","0.00%"
"17/01/2023","229.90","229.90","234.00","220.00","711.95K","0.00%"
"16/01/2023","229.90","229.90","238.50","228.00","535.88K","0.00%"
"13/01/2023","229.90","220.00","229.90","225.00","1.57M","4.50%"
"12/01/2023","220.00","215.00","220.00","219.00","5.25M","2.33%"
"11/01/2023","215.00","215.00","219.00","215.00","561.31K","0.00%"
"10/01/2023","215.00","215.00","219.50","215.00","500.45K","0.00%"
"09/01/2023","215.00","215.00","215.00","215.00","824.66K","0.00%"
"06/01/2023","215.00","215.00","215.00","215.00","344.01K","0.00%"
"05/01/2023","215.00","215.00","216.50","215.00","379.63K","0.00%"
"04/01/2023","215.00","215.00","215.00","215.00","772.00K","0.00%"
"03/01/2023","215.00","215.00","218.00","211.50","497.34K","0.00%"
"30/12/2022","215.00","215.00","219.00","215.00","354.38K","0.00%"
"29/12/2022","215.00","214.00","215.00","214.50","895.04K","0.47%"
"28/12/2022","214.00","214.00","214.00","214.00","707.66K","0.00%"
"23/12/2022","214.00","214.00","215.00","214.00","8.17M","0.00%"
"22/12/2022","214.00","214.00","214.40","211.50","474.55K","0.00%"
"21/12/2022","214.00","214.00","214.00","214.00","3.67M","0.00%"
"20/12/2022","214.00","214.00","213.40","205.80","343.44K","0.00%"
"19/12/2022","214.00","214.00","215.00","205.10","631.11K","0.00%"
"16/12/2022","214.00","214.00","215.00","212.00","292.44K","0.00%"
"15/12/2022","214.00","208.00","214.00","210.00","1.35M","2.88%"
"14/12/2022","208.00","208.00","210.00","200.30","963.88K","0.00%"
"13/12/2022","208.00","215.00","209.00","208.00","12.45M","-3.26%"
"12/12/2022","215.00","215.00","215.00","215.00","923.04K","0.00%"
"09/12/2022","215.00","215.00","215.00","215.00","1.88M","0.00%"
"08/12/2022","215.00","220.00","215.00","210.00","5.57M","-2.27%"
"07/12/2022","220.00","220.00","213.40","207.10","301.66K","0.00%"
"06/12/2022","220.00","220.00","215.00","205.20","808.23K","0.00%"
"05/12/2022","220.00","220.00","215.00","210.30","926.69K","0.00%"
"02/12/2022","220.00","215.00","220.00","220.00","14.51M","2.33%"
"01/12/2022","215.00","218.50","215.00","213.50","4.14M","-1.60%"
"30/11/2022","218.50","210.50","218.50","218.50","454.61K","3.80%"
"29/11/2022","210.50","210.00","210.50","210.00","1.69M","0.24%"
"28/11/2022","210.00","210.00","214.00","197.00","157.91K","0.00%"
"25/11/2022","210.00","200.00","210.00","200.00","16.42M","5.00%"
"24/11/2022","200.00","200.00","200.00","198.00","332.51K","0.00%"
"23/11/2022","200.00","200.00","206.00","198.00","194.44K","0.00%"
"22/11/2022","200.00","197.00","200.00","200.00","12.00M","1.52%"
"21/11/2022","197.00","197.00","206.00","196.60","257.76K","0.00%"
"18/11/2022","197.00","188.00","197.00","197.00","1.18M","4.79%"
"17/11/2022","188.00","188.00","194.00","190.00","106.86K","0.00%"
"16/11/2022","188.00","187.40","188.00","188.00","2.21M","0.32%"
"15/11/2022","187.40","187.40","204.80","188.00","175.55K","0.00%"
"14/11/2022","187.40","192.00","187.40","187.40","4.08M","-2.40%"
"11/11/2022","192.00","192.00","190.20","187.40","225.06K","0.00%"
"10/11/2022","192.00","192.00","190.20","186.50","211.84K","0.00%"
"09/11/2022","192.00","192.00","190.10","186.00","348.58K","0.00%"
"08/11/2022","192.00","196.00","192.00","192.00","348.58K","-2.04%"
"07/11/2022","196.00","196.00","196.00","192.00","266.60K","0.00%"
"04/11/2022","196.00","196.00","197.30","192.10","1.75M","0.00%"
"03/11/2022","196.00","196.00","197.00","195.00","649.75K","0.00%"
"02/11/2022","196.00","196.90","196.00","196.00","1.22M","-0.46%"
"01/11/2022","196.90","196.90","197.00","194.50","462.60K","0.00%"
"31/10/2022","196.90","197.00","196.90","192.00","4.46M","-0.05%"
"28/10/2022","197.00","197.10","198.00","192.00","9.12M","-0.05%"
"27/10/2022","197.10","197.00","197.10","197.00","1.73M","0.05%"
"26/10/2022","197.00","197.00","197.00","197.00","3.03M","0.00%"
"25/10/2022","197.00","197.50","197.00","192.00","4.40M","-0.25%"
"24/10/2022","197.50","195.00","197.50","197.50","304.45K","1.28%"
"21/10/2022","195.00","195.00","200.00","195.00","114.32K","0.00%"
"20/10/2022","195.00","195.00","195.00","195.00","3.51M","0.00%"
"19/10/2022","195.00","199.00","196.60","195.00","3.64M","-2.01%"
"18/10/2022","199.00","199.00","197.00","192.00","238.46K","0.00%"
"17/10/2022","199.00","199.00","199.00","193.60","359.68K","0.00%"
"14/10/2022","199.00","199.00","199.00","199.00","6.09M","0.00%"
"13/10/2022","199.00","199.00","200.00","195.00","1.23M","0.00%"
"12/10/2022","199.00","199.00","199.00","190.60","495.34K","0.00%"
"11/10/2022","199.00","199.00","199.00","193.50","252.90K","0.00%"
"07/10/2022","199.00","197.40","199.00","199.00","1.68M","0.81%"
"06/10/2022","197.40","199.80","197.40","197.40","1.07M","-1.20%"
"05/10/2022","199.80","199.80","197.00","185.40","542.79K","0.00%"
"04/10/2022","199.80","199.80","198.90","190.00","1.02M","0.00%"
"30/09/2022","199.80","200.00","199.80","199.80","486.56K","-0.10%"
"29/09/2022","200.00","200.00","199.90","195.00","369.32K","0.00%"
"28/09/2022","200.00","200.00","200.00","200.00","781.83K","0.00%"
"27/09/2022","200.00","200.00","201.90","190.00","804.40K","0.00%"
"26/09/2022","200.00","200.10","200.00","200.00","378.02K","-0.05%"
"23/09/2022","200.10","199.90","200.10","200.00","6.45M","0.10%"
"22/09/2022","199.90","199.90","200.00","197.00","732.87K","0.00%"
"21/09/2022","199.90","199.90","200.00","195.00","169.01K","0.00%"
"20/09/2022","199.90","200.00","199.90","199.90","4.30M","-0.05%"
"19/09/2022","200.00","200.00","201.00","199.00","275.21K","0.00%"
"16/09/2022","200.00","200.00","201.00","199.50","666.98K","0.00%"
"15/09/2022","200.00","200.00","201.00","199.50","383.43K","0.00%"
"14/09/2022","200.00","200.00","200.50","199.80","341.55K","0.00%"
"13/09/2022","200.00","200.00","201.00","199.80","890.15K","0.00%"
"12/09/2022","200.00","200.00","201.90","199.80","614.92K","0.00%"
"09/09/2022","200.00","200.00","200.00","200.00","1.45M","0.00%"
"08/09/2022","200.00","200.00","200.00","200.00","3.46M","0.00%"
"07/09/2022","200.00","200.00","200.10","200.00","2.48M","0.00%"
"06/09/2022","200.00","200.00","200.00","200.00","3.28M","0.00%"
"05/09/2022","200.00","200.00","200.00","200.00","1.26M","0.00%"
"02/09/2022","200.00","199.00","200.00","199.00","6.05M","0.50%"
"01/09/2022","199.00","199.00","199.00","199.00","901.42K","0.00%"
"31/08/2022","199.00","199.00","199.80","199.00","4.37M","0.00%"
"30/08/2022","199.00","200.00","200.00","199.00","7.27M","-0.50%"
"29/08/2022","200.00","200.00","200.00","199.90","825.57K","0.00%"
"26/08/2022","200.00","200.00","200.00","200.00","1.32M","0.00%"
"25/08/2022","200.00","200.00","200.00","200.00","2.53M","0.00%"
"24/08/2022","200.00","200.00","200.00","200.00","3.63M","0.00%"
"23/08/2022","200.00","196.00","200.00","200.00","2.00M","2.04%"
"22/08/2022","196.00","196.00","204.70","196.50","1.03M","0.00%"
"19/08/2022","196.00","194.40","196.00","196.00","723.93K","-2.00%"
"18/08/2022","200.00","201.00","200.10","200.00","2.78M","-0.50%"
"17/08/2022","201.00","201.00","207.60","202.30","435.79K","0.00%"
"16/08/2022","201.00","201.00","207.80","201.00","264.90K","0.00%"
"15/08/2022","201.00","200.00","201.00","201.00","661.14K","0.50%"
"12/08/2022","200.00","200.00","208.00","200.10","602.01K","0.00%"
"11/08/2022","200.00","201.00","205.00","200.00","6.07M","-0.50%"
"10/08/2022","201.00","201.00","208.00","204.00","1.00M","0.00%"
"09/08/2022","201.00","210.00","201.00","201.00","1.48M","-4.29%"
"08/08/2022","210.00","214.90","210.00","210.00","925.12K","-2.28%"
"05/08/2022","214.90","214.90","214.90","210.00","812.37K","0.00%"
"04/08/2022","214.90","214.80","214.90","214.90","1.89M","0.05%"
"03/08/2022","214.80","215.00","215.00","214.70","10.41M","-0.09%"
"02/08/2022","215.00","200.10","215.00","214.50","3.07M","7.45%"
"01/08/2022","200.10","200.10","213.90","200.30","1.23M","0.00%"
"29/07/2022","200.10","190.00","200.10","200.00","1.24M","5.32%"
"28/07/2022","190.00","190.00","190.00","185.00","10.82M","0.00%"
"27/07/2022","190.00","192.50","190.00","190.00","5.97M","-1.30%"
"26/07/2022","192.50","213.00","205.20","192.50","2.96M","-9.62%"
"25/07/2022","213.00","229.00","218.10","213.00","1.18M","-6.99%"
"22/07/2022","229.00","229.00","226.60","211.30","630.83K","0.00%"
"21/07/2022","229.00","229.00","234.10","215.00","801.63K","0.00%"
"20/07/2022","229.00","229.00","234.00","221.00","494.21K","0.00%"
"19/07/2022","229.00","230.00","230.40","229.00","3.82M","-0.43%"
"18/07/2022","230.00","230.30","234.50","230.00","3.73M","-0.13%"
"15/07/2022","230.30","230.30","230.30","230.00","6.64M","0.00%"
"14/07/2022","230.30","230.30","230.00","228.50","337.15K","0.00%"
"13/07/2022","230.30","230.30","230.30","228.00","423.39K","0.00%"
"08/07/2022","230.30","230.30","230.30","226.10","287.32K","0.00%"
"07/07/2022","230.30","230.30","230.30","226.10","118.96K","0.00%"
"06/07/2022","230.30","230.30","232.80","225.50","362.23K","0.00%"
"05/07/2022","230.30","230.30","233.00","229.00","643.20K","0.00%"
"04/07/2022","230.30","230.00","230.50","230.00","3.47M","0.13%"
"01/07/2022","230.00","230.00","234.60","230.00","178.62K","0.00%"
"30/06/2022","230.00","230.00","234.60","230.00","5.95M","0.00%"
"29/06/2022","230.00","230.20","230.00","230.00","1.03M","-0.09%"
"28/06/2022","230.20","235.00","230.20","230.00","42.90M","-2.04%"
"27/06/2022","235.00","230.10","235.00","235.00","993.48K","2.13%"
"24/06/2022","230.10","229.50","230.10","230.00","1.04M","0.26%"
"23/06/2022","229.50","221.00","229.50","229.50","1.63M","3.85%"
"22/06/2022","221.00","219.00","221.00","219.00","2.58M","0.91%"
"21/06/2022","219.00","221.00","219.00","219.00","1.08M","-0.90%"
"20/06/2022","221.00","221.00","220.90","215.00","918.99K","0.00%"
"17/06/2022","221.00","234.20","225.50","221.00","1.32M","-5.64%"
"16/06/2022","234.20","234.20","234.20","226.00","1.41M","0.00%"
"15/06/2022","234.20","239.90","234.20","234.20","1.40M","-2.38%"
"14/06/2022","239.90","239.90","240.00","238.00","480.67K","0.00%"
"10/06/2022","239.90","240.00","240.00","239.90","958.90K","-0.04%"
"09/06/2022","240.00","240.00","240.00","240.00","1.22M","0.00%"
"08/06/2022","240.00","240.00","241.50","235.00","517.53K","0.00%"
"07/06/2022","240.00","234.50","240.00","240.00","653.61K","2.35%"
"06/06/2022","234.50","230.00","234.50","234.50","320.99K","1.96%"
"03/06/2022","230.00","230.00","230.00","230.00","1.78M","0.00%"
"02/06/2022","230.00","230.00","236.00","225.60","1.58M","0.00%"
"01/06/2022","230.00","230.00","230.00","230.00","1.95M","0.00%"
"31/05/2022","230.00","230.00","231.00","230.00","7.14M","0.00%"
"30/05/2022","230.00","237.00","231.00","230.00","2.28M","-2.95%"
"27/05/2022","237.00","240.00","237.00","237.00","1.74M","-1.25%"
"26/05/2022","240.00","230.00","240.00","240.00","7.84M","4.35%"
"25/05/2022","230.00","230.00","244.00","220.00","406.10K","0.00%"
"24/05/2022","230.00","249.00","240.00","230.00","2.42M","-7.63%"
"23/05/2022","249.00","249.00","249.00","249.00","1.81M","0.00%"
"20/05/2022","249.00","270.00","249.00","249.00","1.85M","-7.78%"
"19/05/2022","270.00","255.50","270.00","250.00","20.60M","5.68%"
"18/05/2022","255.50","255.50","255.40","240.00","3.06M","0.00%"
"17/05/2022","255.50","260.00","258.50","255.50","2.44M","-1.73%"
"16/05/2022","260.00","261.60","260.00","260.00","2.75M","-0.61%"
"13/05/2022","261.60","261.60","261.60","256.00","632.90K","0.00%"
"12/05/2022","261.60","262.10","261.60","261.60","1.91M","-0.19%"
"11/05/2022","262.10","240.00","264.00","260.10","4.92M","9.21%"
"10/05/2022","240.00","249.00","240.00","240.00","2.48M","-3.61%"
"09/05/2022","249.00","227.50","250.20","249.00","2.68M","9.45%"
"06/05/2022","227.50","227.50","250.20","230.50","1.67M","0.00%"
"05/05/2022","227.50","214.50","227.50","227.50","5.85M","6.06%"
"04/05/2022","214.50","214.50","217.00","214.90","1.01M","0.00%"
"29/04/2022","214.50","214.00","214.50","214.50","3.31M","0.23%"
"28/04/2022","214.00","212.00","216.30","212.00","2.67M","0.94%"
"27/04/2022","212.00","212.00","218.00","212.00","338.16K","0.00%"
"26/04/2022","212.00","213.00","213.00","212.00","12.81M","-0.47%"
"25/04/2022","213.00","213.00","220.00","213.00","149.50K","0.00%"
"22/04/2022","213.00","213.00","213.00","213.00","1.59M","0.00%"
"21/04/2022","213.00","213.00","220.00","211.70","1.88M","0.00%"
"20/04/2022","213.00","213.00","213.00","213.00","2.95M","0.00%"
"19/04/2022","213.00","213.00","213.00","213.00","22.15M","0.00%"
"14/04/2022","213.00","213.00","214.00","213.00","2.51M","0.00%"
"13/04/2022","213.00","211.10","213.00","212.00","22.75M","0.90%"
"12/04/2022","211.10","208.50","211.10","211.10","1.71M","1.25%"
"11/04/2022","208.50","206.00","208.50","206.50","5.00M","1.21%"
"08/04/2022","206.00","206.00","210.00","205.00","681.83K","0.00%"
"07/04/2022","206.00","203.40","206.00","206.00","863.33K","-2.83%"
"06/04/2022","212.00","212.00","212.00","212.00","1.79M","0.00%"
"05/04/2022","212.00","212.00","214.00","207.00","1.26M","0.00%"
"04/04/2022","212.00","214.00","213.90","212.00","1.24M","-0.93%"
"01/04/2022","214.00","214.00","214.00","214.00","1.52M","0.00%"
"31/03/2022","214.00","210.00","214.00","214.00","903.83K","1.90%"
"30/03/2022","210.00","207.00","210.00","208.30","1.28M","1.45%"
"29/03/2022","207.00","207.00","214.00","208.00","192.73K","0.00%"
"28/03/2022","207.00","204.00","207.00","207.00","1.10M","1.47%"
"25/03/2022","204.00","204.00","208.90","204.00","735.17K","0.00%"
"24/03/2022","204.00","205.50","204.00","204.00","744.72K","-0.73%"
"23/03/2022","205.50","205.50","205.50","205.50","2.67M","0.00%"
"22/03/2022","205.50","205.50","205.50","205.50","836.54K","0.00%"
"21/03/2022","205.50","205.50","206.40","204.10","685.52K","0.00%"
"18/03/2022","205.50","205.00","205.50","205.50","1.02M","0.24%"
"17/03/2022","205.00","205.00","205.00","205.00","4.69M","0.00%"
"16/03/2022","205.00","204.50","205.00","205.00","2.24M","0.24%"
"15/03/2022","204.50","205.00","204.50","204.50","476.22K","-0.24%"
"14/03/2022","205.00","206.00","205.00","205.00","5.83M","-0.49%"
"11/03/2022","206.00","206.00","206.00","203.00","3.21M","0.00%"
"10/03/2022","206.00","204.00","206.00","206.00","8.85M","0.98%"
"09/03/2022","204.00","204.00","209.80","204.00","371.35K","0.00%"
"08/03/2022","204.00","203.50","205.00","204.00","2.08M","0.25%"
"07/03/2022","203.50","203.50","203.50","203.50","1.88M","0.00%"
"04/03/2022","203.50","204.00","203.50","203.50","1.44M","-0.25%"
"03/03/2022","204.00","203.00","205.00","202.00","22.74M","0.49%"
"02/03/2022","203.00","203.00","205.00","202.00","341.64K","0.00%"
"01/03/2022","203.00","201.00","205.00","203.00","22.25M","1.00%"
"28/02/2022","201.00","201.00","201.00","201.00","1.07M","0.00%"
"25/02/2022","201.00","200.00","202.50","201.00","2.16M","0.50%"
"24/02/2022","200.00","200.00","200.00","200.00","2.94M","0.00%"
"23/02/2022","200.00","199.80","200.00","200.00","1.05M","0.10%"
"22/02/2022","199.80","199.80","199.80","199.70","1.25M","0.00%"
"21/02/2022","199.80","199.50","199.80","199.50","2.28M","0.15%"
"18/02/2022","199.50","199.80","199.50","199.50","3.52M","-0.15%"
"17/02/2022","199.80","200.00","200.00","199.80","3.89M","-0.10%"
"16/02/2022","200.00","199.00","200.00","200.00","21.70M","0.50%"
"15/02/2022","199.00","198.50","199.00","199.00","1.76M","0.25%"
"14/02/2022","198.50","198.00","198.50","198.00","8.44M","0.25%"
"11/02/2022","198.00","197.00","198.00","196.00","2.11M","0.51%"
"10/02/2022","197.00","197.00","197.00","196.50","672.46K","0.00%"
"09/02/2022","197.00","197.00","197.00","196.90","4.40M","0.00%"
"08/02/2022","197.00","199.00","197.00","197.00","2.91M","-1.01%"
"07/02/2022","199.00","200.30","199.00","199.00","1.74M","-0.65%"
"04/02/2022","200.30","200.00","200.30","200.30","728.18K","0.15%"
"03/02/2022","200.00","200.00","200.00","200.00","1.28M","0.00%"
"02/02/2022","200.00","202.50","201.00","200.00","4.32M","-1.23%"
"01/02/2022","202.50","197.50","202.50","202.50","1.46M","2.53%"
"31/01/2022","197.50","190.00","197.50","197.50","378.04K","3.95%"
"28/01/2022","190.00","190.00","190.00","190.00","6.81M","0.00%"
"27/01/2022","190.00","190.00","190.00","190.00","1.73M","0.00%"
"26/01/2022","190.00","190.00","190.00","190.00","5.24M","0.00%"
"25/01/2022","190.00","190.00","190.00","190.00","2.31M","0.00%"
"24/01/2022","190.00","190.00","194.00","190.30","117.50K","0.00%"
"21/01/2022","190.00","190.00","194.00","190.20","63.68K","0.00%"
"20/01/2022","190.00","190.00","195.00","190.30","339.70K","0.00%"
"19/01/2022","190.00","190.00","194.90","190.00","131.32K","0.00%"
"18/01/2022","190.00","190.00","194.90","188.20","154.39K","0.00%"
"17/01/2022","190.00","190.00","190.00","190.00","961.47K","0.00%"
"14/01/2022","190.00","190.00","190.00","190.00","3.63M","0.00%"
"13/01/2022","190.00","190.00","190.00","190.00","3.11M","0.00%"
"12/01/2022","190.00","186.00","190.00","186.00","2.57M","2.15%"
"11/01/2022","186.00","185.50","186.00","186.00","348.39K","0.27%"
"10/01/2022","185.50","197.00","186.00","185.20","1.77M","-5.84%"
"07/01/2022","197.00","197.00","189.00","182.00","667.12K","0.00%"
"06/01/2022","197.00","197.00","188.80","182.80","413.79K","0.00%"
"05/01/2022","197.00","197.00","195.00","182.50","592.25K","0.00%"
"04/01/2022","197.00","197.00","197.00","177.30","122.83K","0.00%"
"31/12/2021","197.00","182.00","197.00","182.00","5.29M","8.24%"
"30/12/2021","182.00","182.00","182.00","182.00","1.34M","0.00%"
"29/12/2021","182.00","182.70","182.00","182.00","1.98M","-0.38%"
"24/12/2021","182.70","182.70","182.70","173.20","76.27K","0.00%"
"23/12/2021","182.70","183.50","182.70","182.70","1.68M","-0.44%"
"22/12/2021","183.50","186.00","183.50","183.50","1.74M","-1.34%"
"21/12/2021","186.00","185.90","186.00","186.00","1.69M","0.05%"
"20/12/2021","185.90","187.00","185.90","185.90","1.92M","-0.59%"
"17/12/2021","187.00","187.00","187.00","187.00","1.15M","0.00%"
"16/12/2021","187.00","187.00","187.00","186.50","3.27M","0.00%"
"15/12/2021","187.00","186.80","187.20","187.00","2.17M","0.11%"
"14/12/2021","186.80","186.80","186.80","186.80","1.22M","0.00%"
"13/12/2021","186.80","174.50","186.80","186.80","679.67K","7.05%"
"10/12/2021","174.50","174.50","182.00","174.50","172.02K","0.00%"
"09/12/2021","174.50","174.50","176.00","172.10","605.58K","0.00%"
"08/12/2021","174.50","167.00","174.50","174.50","826.31K","4.49%"
"07/12/2021","167.00","167.00","179.00","169.00","57.26K","0.00%"
"06/12/2021","167.00","167.00","175.00","167.00","696.61K","0.00%"
"03/12/2021","167.00","169.20","167.00","167.00","950.14K","-1.30%"
"02/12/2021","169.20","171.00","169.20","169.20","3.70M","-1.05%"
"01/12/2021","171.00","190.00","171.00","171.00","516.18K","-10.00%"
"30/11/2021","190.00","190.00","175.00","171.00","349.13K","0.00%"
"29/11/2021","190.00","190.00","180.00","172.00","187.14K","0.00%"
"26/11/2021","190.00","190.00","180.00","173.10","588.31K","0.00%"
"25/11/2021","190.00","190.00","180.00","175.00","236.81K","0.00%"
"24/11/2021","190.00","190.00","185.00","177.80","469.63K","0.00%"
"23/11/2021","190.00","190.00","190.00","177.20","439.63K","0.00%"
"22/11/2021","190.00","190.00","190.00","190.00","1.86M","0.00%"
"19/11/2021","190.00","190.00","189.80","185.00","182.68K","0.00%"
"18/11/2021","190.00","190.00","189.90","187.20","200.21K","0.00%"
"17/11/2021","190.00","190.00","190.00","187.10","154.34K","0.00%"
"16/11/2021","190.00","190.00","190.00","188.80","473.94K","0.00%"
"15/11/2021","190.00","191.00","190.00","189.00","3.90M","-0.52%"
"12/11/2021","191.00","200.00","191.00","191.00","1.76M","-4.50%"
"11/11/2021","200.00","201.00","200.00","200.00","2.05M","-0.50%"
"10/11/2021","201.00","200.00","209.90","201.00","7.13M","0.50%"
"09/11/2021","200.00","192.50","205.00","199.90","5.38M","3.90%"
"08/11/2021","192.50","175.60","193.00","190.00","4.02M","9.62%"
"05/11/2021","175.60","175.60","190.00","180.00","498.75K","0.00%"
"04/11/2021","175.60","175.60","193.10","180.00","497.67K","0.00%"
"03/11/2021","175.60","175.60","184.90","178.20","318.65K","0.00%"
"02/11/2021","175.60","175.60","181.80","178.50","1.23M","0.00%"
"01/11/2021","175.60","175.60","181.80","177.00","1.21M","0.00%"
"29/10/2021","175.60","175.60","180.50","176.00","827.35K","0.00%"
"28/10/2021","175.60","174.00","175.60","175.60","1.29M","0.92%"
"27/10/2021","174.00","174.00","176.00","174.10","549.42K","0.00%"
"26/10/2021","174.00","174.00","174.10","174.00","1.91M","0.00%"
"25/10/2021","174.00","174.00","174.00","174.00","859.77K","0.00%"
"22/10/2021","174.00","174.00","174.00","174.00","2.19M","0.00%"
"21/10/2021","174.00","172.00","174.00","172.00","2.67M","1.16%"
"20/10/2021","172.00","169.90","172.00","172.00","634.21K","1.24%"
"18/10/2021","169.90","174.90","169.90","169.90","1.51M","-2.86%"
"15/10/2021","174.90","174.90","171.90","169.50","190.39K","0.00%"
"14/10/2021","174.90","174.90","171.00","165.10","160.65K","0.00%"
"13/10/2021","174.90","174.90","174.00","167.00","1.09M","0.00%"
"12/10/2021","174.90","174.90","173.70","167.10","189.81K","0.00%"
"11/10/2021","174.90","174.90","173.90","169.00","494.23K","0.00%"
"08/10/2021","174.90","174.90","174.90","172.10","639.93K","0.00%"
"07/10/2021","174.90","174.90","174.90","168.00","254.39K","0.00%"
"06/10/2021","174.90","174.90","174.40","172.20","674.60K","0.00%"
"05/10/2021","174.90","174.90","174.80","172.10","908.43K","0.00%"
"04/10/2021","174.90","174.90","190.00","172.50","325.89K","0.00%"
"30/09/2021","174.90","175.00","175.00","174.90","1.14M","-0.06%"
"29/09/2021","175.00","175.00","175.00","174.00","380.20K","0.00%"
"28/09/2021","175.00","175.00","179.00","174.10","134.72K","0.00%"
"27/09/2021","175.00","175.00","175.00","175.00","2.66M","0.00%"
"24/09/2021","175.00","175.00","175.00","175.00","5.06M","0.00%"
"23/09/2021","175.00","175.00","175.00","175.00","463.45K","0.00%"
"22/09/2021","175.00","175.00","176.00","174.30","159.53K","0.00%"
"21/09/2021","175.00","175.00","175.00","175.00","832.22K","0.00%"
"20/09/2021","175.00","175.00","175.00","175.00","4.30M","0.00%"
"17/09/2021","175.00","175.00","175.00","175.00","1.35M","0.00%"
"16/09/2021","175.00","175.00","176.00","173.60","139.03K","0.00%"
"15/09/2021","175.00","172.50","175.00","174.50","5.79M","1.45%"
"14/09/2021","172.50","172.50","177.00","172.60","1.35M","0.00%"
"13/09/2021","172.50","172.50","178.00","172.50","723.62K","0.00%"
"10/09/2021","172.50","172.50","172.50","172.50","1.24M","0.00%"
"09/09/2021","172.50","172.50","172.50","172.50","1.60M","0.00%"
"08/09/2021","172.50","172.50","175.50","172.00","244.21K","0.00%"
"07/09/2021","172.50","172.50","176.00","172.50","61.07K","0.00%"
"06/09/2021","172.50","172.50","176.00","172.50","160.11K","0.00%"
"03/09/2021","172.50","172.50","172.50","172.50","1.99M","0.00%"
"02/09/2021","172.50","172.50","172.60","172.00","566.34K","0.00%"
"01/09/2021","172.50","172.50","175.50","171.00","602.84K","0.00%"
"31/08/2021","172.50","172.50","173.00","171.50","1.22M","0.00%"
"30/08/2021","172.50","172.50","176.50","171.80","1.03M","0.00%"
"27/08/2021","172.50","172.00","172.50","172.50","823.17K","0.29%"
"26/08/2021","172.00","172.00","175.50","172.50","2.88M","0.00%"
"25/08/2021","172.00","172.00","173.00","172.40","898.93K","0.00%"
"24/08/2021","172.00","172.00","172.80","172.00","418.95K","0.00%"
"23/08/2021","172.00","172.00","172.00","172.00","1.15M","0.00%"
"20/08/2021","172.00","172.00","172.00","172.00","3.35M","-2.55%"
"19/08/2021","176.50","172.10","176.50","176.50","3.08M","2.56%"
"18/08/2021","172.10","172.10","177.40","176.00","456.68K","0.00%"
"17/08/2021","172.10","172.10","177.90","173.20","185.08K","0.00%"
"16/08/2021","172.10","172.10","176.60","172.30","1.69M","0.00%"
"13/08/2021","172.10","172.10","174.00","172.10","477.57K","0.00%"
"12/08/2021","172.10","172.10","175.00","172.10","617.01K","0.00%"
"11/08/2021","172.10","172.10","172.10","172.10","4.52M","0.00%"
"10/08/2021","172.10","168.10","172.10","172.10","2.85M","2.38%"
"09/08/2021","168.10","168.00","168.10","168.10","562.87K","0.06%"
"06/08/2021","168.00","168.00","170.00","168.00","561.35K","0.00%"
"05/08/2021","168.00","171.00","168.00","168.00","611.89K","-1.75%"
"04/08/2021","171.00","171.00","169.70","166.00","122.58K","0.00%"
"03/08/2021","171.00","168.00","171.00","169.00","2.23M","1.79%"
"02/08/2021","168.00","165.00","168.00","166.60","916.38K","1.82%"
"30/07/2021","165.00","164.10","165.00","165.00","4.64M","0.55%"
"29/07/2021","164.10","163.50","164.10","164.10","500.77K","0.37%"
"28/07/2021","163.50","163.10","163.50","163.10","1.62M","0.25%"
"27/07/2021","163.10","165.00","163.10","163.10","1.35M","-1.15%"
"26/07/2021","165.00","165.00","168.00","163.00","439.60K","0.00%"
"23/07/2021","165.00","165.00","165.50","163.00","489.29K","0.00%"
"22/07/2021","165.00","165.00","169.90","163.50","392.59K","0.00%"
"19/07/2021","165.00","165.00","168.00","164.00","271.21K","0.00%"
"16/07/2021","165.00","164.00","165.00","165.00","280.91K","0.61%"
"15/07/2021","164.00","164.00","164.00","164.00","887.10K","0.00%"
"14/07/2021","164.00","163.00","164.00","164.00","2.03M","0.61%"
"13/07/2021","163.00","163.00","165.00","161.40","450.52K","0.00%"
"12/07/2021","163.00","164.00","164.10","163.00","4.75M","-0.61%"
"09/07/2021","164.00","164.00","165.00","162.90","944.62K","0.00%"
"08/07/2021","164.00","164.00","164.00","162.90","1.89M","0.00%"
"07/07/2021","164.00","164.00","163.50","162.00","329.51K","0.00%"
"06/07/2021","164.00","164.00","164.00","162.80","787.46K","0.00%"
"05/07/2021","164.00","164.00","164.00","163.00","33.95K","0.00%"
"02/07/2021","164.00","164.00","164.30","163.50","168.35K","0.00%"
"01/07/2021","164.00","164.00","165.50","163.50","616.20K","0.00%"
"30/06/2021","164.00","163.00","164.00","164.00","10.17M","0.61%"
"29/06/2021","163.00","163.00","165.90","163.00","556.06K","0.00%"
"28/06/2021","163.00","163.00","163.00","163.00","9.21M","0.00%"
"25/06/2021","163.00","165.00","164.00","163.00","922.51K","-1.21%"
"24/06/2021","165.00","165.00","165.00","165.00","490.92K","0.00%"
"23/06/2021","165.00","165.00","165.00","163.00","318.34K","0.00%"
"22/06/2021","165.00","165.00","165.00","165.00","2.02M","0.00%"
"21/06/2021","165.00","165.00","165.00","162.60","401.07K","0.00%"
"18/06/2021","165.00","165.00","165.00","161.00","396.00K","0.00%"
"17/06/2021","165.00","165.00","167.90","163.00","315.23K","0.00%"
"16/06/2021","165.00","163.00","165.00","165.00","1.36M","1.23%"
"15/06/2021","163.00","162.70","163.00","162.60","2.34M","0.18%"
"11/06/2021","162.70","165.00","162.80","162.70","1.62M","-1.39%"
"10/06/2021","165.00","165.00","165.00","164.30","139.03K","0.00%"
"09/06/2021","165.00","165.00","168.00","163.00","745.47K","0.00%"
"08/06/2021","165.00","165.00","168.00","163.00","60.03K","0.00%"
"07/06/2021","165.00","165.00","167.00","164.00","422.33K","0.00%"
"04/06/2021","165.00","164.90","165.00","165.00","869.11K","0.06%"
"03/06/2021","164.90","162.50","164.90","164.90","603.20K","1.48%"
"02/06/2021","162.50","162.50","167.90","162.50","109.64K","0.00%"
"01/06/2021","162.50","162.50","165.00","162.50","303.90K","0.00%"
"31/05/2021","162.50","160.90","162.50","162.50","403.00K","0.99%"
"28/05/2021","160.90","160.50","160.90","160.90","951.27K","0.25%"
"27/05/2021","160.50","160.50","163.00","160.00","110.93K","0.00%"
"26/05/2021","160.50","160.50","163.00","160.00","133.96K","0.00%"
"25/05/2021","160.50","160.50","162.80","160.00","302.20K","0.00%"
"24/05/2021","160.50","160.00","160.50","160.50","570.39K","0.31%"
"21/05/2021","160.00","160.00","160.00","160.00","299.35K","0.00%"
"20/05/2021","160.00","160.00","163.00","160.00","154.61K","0.00%"
"19/05/2021","160.00","160.00","163.10","160.00","191.69K","0.00%"
"18/05/2021","160.00","160.00","160.00","160.00","541.61K","0.00%"
"17/05/2021","160.00","161.70","160.00","160.00","1.96M","-1.05%"
"14/05/2021","161.70","161.70","164.50","160.10","1.59M","0.00%"
"11/05/2021","161.70","162.00","161.70","161.70","577.26K","-0.19%"
"10/05/2021","162.00","162.00","169.00","162.00","347.39K","0.00%"
"07/05/2021","162.00","162.00","165.90","160.20","160.10K","0.00%"
"06/05/2021","162.00","169.90","162.00","161.00","3.40M","-4.65%"
"05/05/2021","169.90","168.10","169.90","169.90","1.59M","-2.36%"
"04/05/2021","174.00","174.90","175.00","174.00","2.78M","-0.51%"
"30/04/2021","174.90","171.50","174.90","174.90","2.13M","1.98%"
"29/04/2021","171.50","165.00","171.50","171.50","576.77K","3.94%"
"28/04/2021","165.00","165.00","174.90","168.00","47.75K","0.00%"
"27/04/2021","165.00","165.00","171.00","165.10","338.01K","0.00%"
"26/04/2021","165.00","165.00","174.90","168.10","273.33K","0.00%"
"23/04/2021","165.00","165.00","170.00","166.20","163.10K","0.00%"
"22/04/2021","165.00","165.00","170.00","165.50","158.23K","0.00%"
"21/04/2021","165.00","165.00","169.00","164.00","66.96K","0.00%"
"20/04/2021","165.00","163.30","165.00","165.00","605.64K","1.04%"
"19/04/2021","163.30","163.00","163.30","163.30","181.73M","0.18%"
"16/04/2021","163.00","161.00","163.00","163.00","570.71K","1.24%"
"15/04/2021","161.00","161.00","163.90","160.00","103.08K","0.00%"
"14/04/2021","161.00","160.00","161.00","161.00","1.14M","0.63%"
"13/04/2021","160.00","163.90","162.00","160.00","2.23M","-2.38%"
"12/04/2021","163.90","163.90","163.90","161.00","308.14K","0.00%"
"09/04/2021","163.90","162.00","163.90","160.00","1.26M","1.17%"
"08/04/2021","162.00","162.00","167.00","162.00","103.40K","0.00%"
"07/04/2021","162.00","160.20","162.00","160.20","2.35M","1.12%"
"06/04/2021","160.20","160.20","165.00","162.00","270.03K","0.00%"
"01/04/2021","160.20","160.20","164.80","160.00","225.94K","0.00%"
"31/03/2021","160.20","165.00","160.20","160.20","161.39K","-2.91%"
"30/03/2021","165.00","165.00","170.00","165.00","340.39K","0.00%"
"29/03/2021","165.00","160.00","165.00","165.00","2.76M","3.13%"
"26/03/2021","160.00","163.00","160.00","160.00","1.12M","-1.84%"
"25/03/2021","163.00","161.00","163.00","160.00","10.07M","1.24%"
"24/03/2021","161.00","157.20","161.00","158.50","6.71M","2.42%"
"23/03/2021","157.20","157.00","157.20","157.20","2.75M","0.13%"
"22/03/2021","157.00","157.00","159.90","157.00","62.01K","0.00%"
"19/03/2021","157.00","159.90","160.00","157.00","1.48M","-1.81%"
"18/03/2021","159.90","159.90","159.50","156.00","700.64K","0.00%"
"17/03/2021","159.90","159.90","159.90","156.00","74.08K","0.00%"
"16/03/2021","159.90","158.00","159.90","159.90","677.55K","1.20%"
"15/03/2021","158.00","158.00","160.00","158.00","85.03K","0.00%"
"12/03/2021","158.00","160.00","158.00","158.00","861.71K","-1.25%"
"11/03/2021","160.00","160.00","160.00","159.90","628.22K","0.00%"
"10/03/2021","160.00","160.00","160.00","155.00","332.71K","0.00%"
"09/03/2021","160.00","170.00","160.00","160.00","15.18M","-5.88%"
"08/03/2021","170.00","170.00","168.00","160.00","1.04M","0.00%"
"05/03/2021","170.00","170.00","169.00","160.00","643.20K","0.00%"
"04/03/2021","170.00","170.00","169.90","160.60","599.06K","0.00%"
"03/03/2021","170.00","174.00","170.00","170.00","1.52M","-2.30%"
"02/03/2021","174.00","174.00","172.00","160.20","503.06K","0.00%"
"01/03/2021","174.00","174.00","175.00","160.20","901.93K","0.00%"
"26/02/2021","174.00","179.90","174.00","174.00","780.94K","-3.28%"
"25/02/2021","179.90","179.90","179.90","176.70","1.38M","0.00%"
"24/02/2021","179.90","180.00","179.90","179.90","278.73K","-0.06%"
"23/02/2021","180.00","180.00","180.00","178.10","1.56M","0.00%"
"22/02/2021","180.00","180.00","180.00","180.00","2.58M","0.00%"
"19/02/2021","180.00","180.00","180.00","178.00","122.99K","0.00%"
"18/02/2021","180.00","181.70","180.00","180.00","779.77K","-0.94%"
"17/02/2021","181.70","180.00","181.90","181.00","3.07M","0.94%"
"16/02/2021","180.00","180.00","181.70","180.00","2.63M","0.00%"
"15/02/2021","180.00","182.00","180.00","180.00","1.94M","-1.10%"
"12/02/2021","182.00","182.90","182.00","182.00","2.44M","-0.49%"
"11/02/2021","182.90","180.00","182.90","180.00","8.69M","1.61%"
"10/02/2021","180.00","180.00","180.00","179.00","4.70M","0.00%"
"09/02/2021","180.00","180.00","180.00","180.00","2.89M","0.00%"
"08/02/2021","180.00","180.00","185.90","180.00","649.50K","0.00%"
"05/02/2021","180.00","181.00","183.00","180.00","4.74M","-0.55%"
"04/02/2021","181.00","181.00","189.50","184.10","311.23K","0.00%"
"03/02/2021","181.00","181.00","189.00","185.00","501.88K","0.00%"
"02/02/2021","181.00","181.00","190.00","181.00","627.73K","0.00%"
"01/02/2021","181.00","181.00","188.00","181.00","1.34M","0.00%"
"29/01/2021","181.00","175.00","181.00","180.10","5.25M","3.43%"
"28/01/2021","175.00","175.00","189.00","176.00","803.15K","0.00%"
"27/01/2021","175.00","170.90","175.00","175.00","2.74M","2.40%"
"26/01/2021","170.90","170.00","170.90","170.90","1.45M","0.53%"
"25/01/2021","170.00","170.00","175.00","170.10","242.51K","0.00%"
"22/01/2021","170.00","170.00","170.10","170.00","6.15M","0.00%"
"21/01/2021","170.00","170.20","170.00","170.00","3.13M","-0.12%"
"20/01/2021","170.20","170.00","170.20","170.20","864.24K","0.12%"
"19/01/2021","170.00","170.00","172.00","170.00","639.65K","0.00%"
"18/01/2021","170.00","170.00","172.00","168.00","470.60K","0.00%"
"15/01/2021","170.00","168.00","170.00","168.00","2.05M","1.19%"
"14/01/2021","168.00","165.00","168.00","168.00","354.71K","1.82%"
"13/01/2021","165.00","165.00","170.00","165.00","13.41M","0.00%"
"12/01/2021","165.00","165.20","165.00","164.90","4.11M","-0.12%"
"11/01/2021","165.20","165.20","173.60","165.90","164.96K","0.00%"
"08/01/2021","165.20","165.20","173.00","165.90","133.84K","0.00%"
"07/01/2021","165.20","165.20","173.80","165.50","110.94K","0.00%"
"06/01/2021","165.20","165.20","174.90","165.20","66.44K","0.00%"
"05/01/2021","165.20","169.90","175.00","160.00","3.53M","-2.77%"
"04/01/2021","169.90","169.90","186.00","165.00","86.32K","0.00%"
"31/12/2020","169.90","160.00","169.90","160.00","25.44M","6.19%"
"30/12/2020","160.00","160.00","165.00","160.00","125.06K","0.00%"
"29/12/2020","160.00","160.00","160.00","160.00","769.53K","0.00%"
"24/12/2020","160.00","160.00","160.50","160.00","1.97M","0.00%"
"23/12/2020","160.00","160.00","160.00","160.00","3.34M","0.00%"
"22/12/2020","160.00","160.00","160.00","159.90","13.84M","0.00%"
"21/12/2020","160.00","160.00","160.00","158.00","675.74K","0.00%"
"18/12/2020","160.00","155.00","160.00","160.00","3.97M","3.23%"
"17/12/2020","155.00","155.00","158.90","155.20","360.69K","0.00%"
"16/12/2020","155.00","155.00","159.00","155.00","363.37K","0.00%"
"15/12/2020","155.00","155.00","157.00","155.00","334.06K","0.00%"
"14/12/2020","155.00","155.00","155.00","155.00","2.72M","0.00%"
"11/12/2020","155.00","155.00","155.00","150.00","1.66M","0.00%"
"10/12/2020","155.00","156.20","155.00","155.00","2.61M","-0.77%"
"09/12/2020","156.20","156.20","159.00","156.50","310.51K","0.00%"
"08/12/2020","156.20","156.20","159.90","155.00","594.84K","0.00%"
"07/12/2020","156.20","156.20","160.00","156.00","291.63K","0.00%"
"04/12/2020","156.20","156.20","159.80","156.10","252.09K","0.00%"
"03/12/2020","156.20","155.00","160.00","156.00","27.41M","0.77%"
"02/12/2020","155.00","155.00","155.00","155.00","705.04K","0.00%"
"01/12/2020","155.00","155.20","155.00","155.00","417.72K","-0.13%"
"30/11/2020","155.20","155.00","155.20","155.00","3.21M","0.13%"
"27/11/2020","155.00","153.00","155.00","153.00","11.58M","1.31%"
"26/11/2020","153.00","153.00","153.00","153.00","4.48M","0.00%"
"25/11/2020","153.00","153.00","153.00","153.00","3.00M","0.00%"
"24/11/2020","153.00","153.00","153.00","150.00","1.10M","0.00%"
"23/11/2020","153.00","153.00","153.00","150.00","371.73K","0.00%"
"20/11/2020","153.00","155.00","153.00","153.00","2.82M","-1.29%"
"19/11/2020","155.00","155.00","156.90","150.20","406.21K","0.00%"
"18/11/2020","155.00","155.00","155.00","155.00","1.82M","0.00%"
"17/11/2020","155.00","155.00","155.00","155.00","1.41M","0.00%"
"16/11/2020","155.00","155.00","159.20","150.00","940.24K","0.00%"
"13/11/2020","155.00","162.00","155.00","155.00","2.85M","-4.32%"
"12/11/2020","162.00","160.00","162.00","160.00","17.01M","1.25%"
"11/11/2020","160.00","156.20","160.00","160.00","1.04M","2.43%"
"10/11/2020","156.20","150.10","156.20","155.00","681.48K","4.06%"
"09/11/2020","150.10","144.00","150.10","150.00","8.08M","4.24%"
"06/11/2020","144.00","144.00","150.00","145.80","519.73K","0.00%"
"05/11/2020","144.00","144.00","149.00","145.60","112.52K","0.00%"
"04/11/2020","144.00","144.00","149.90","145.20","100.09K","0.00%"
"03/11/2020","144.00","144.00","150.00","144.20","632.59K","0.00%"
"02/11/2020","144.00","144.00","153.00","144.00","229.40K","0.00%"
"30/10/2020","144.00","140.00","144.00","143.10","2.36M","2.86%"
"28/10/2020","140.00","140.00","140.00","140.00","1.12M","0.00%"
"27/10/2020","140.00","140.00","140.00","140.00","1.53M","0.00%"
"26/10/2020","140.00","140.00","140.00","140.00","975.17K","0.00%"
"23/10/2020","140.00","140.00","141.00","138.00","283.38K","0.00%"
"22/10/2020","140.00","138.00","140.00","140.00","1.71M","1.45%"
"21/10/2020","138.00","140.00","138.00","138.00","1.50M","-1.43%"
"20/10/2020","140.00","140.00","140.00","139.10","1.87M","0.00%"
"19/10/2020","140.00","140.00","140.00","140.00","1.90M","0.00%"
"16/10/2020","140.00","140.00","140.50","140.00","1.82M","0.00%"
"15/10/2020","140.00","140.00","140.00","140.00","3.24M","0.00%"
"14/10/2020","140.00","140.00","140.70","139.00","1.06M","0.00%"
"13/10/2020","140.00","140.00","140.00","140.00","1.08M","0.00%"
"12/10/2020","140.00","140.50","140.00","140.00","2.54M","-0.36%"
"09/10/2020","140.50","140.50","140.00","136.50","1.34M","0.00%"
"08/10/2020","140.50","140.50","140.30","135.00","1.14M","0.00%"
"07/10/2020","140.50","142.70","141.00","140.10","2.91M","-1.54%"
"06/10/2020","142.70","135.00","142.70","135.00","3.28M","5.70%"
"05/10/2020","135.00","130.00","135.00","135.00","1.41M","3.85%"
"02/10/2020","130.00","129.00","130.00","130.00","818.58K","0.78%"
"30/09/2020","129.00","127.50","129.00","127.00","4.19M","1.18%"
"29/09/2020","127.50","126.50","127.50","127.50","865.89K","0.79%"
"28/09/2020","126.50","124.00","126.50","124.00","5.53M","2.02%"
"25/09/2020","124.00","124.00","124.50","124.00","460.64K","0.00%"
"24/09/2020","124.00","123.90","124.00","123.80","1.84M","0.08%"
"23/09/2020","123.90","123.00","123.90","120.00","25.72M","0.73%"
"22/09/2020","123.00","120.10","123.00","120.00","13.28M","2.41%"
"21/09/2020","120.10","120.00","120.10","120.00","6.41M","0.08%"
"18/09/2020","120.00","120.00","120.00","120.00","4.77M","0.00%"
"17/09/2020","120.00","120.00","120.00","120.00","2.68M","0.00%"
"16/09/2020","120.00","120.00","120.00","119.70","8.86M","0.00%"
"15/09/2020","120.00","120.00","120.00","120.00","350.68K","0.00%"
"14/09/2020","120.00","120.00","120.00","120.00","4.05M","0.00%"
"11/09/2020","120.00","120.00","122.00","119.50","390.90K","0.00%"
"10/09/2020","120.00","119.50","120.00","120.00","302.41K","0.42%"
"09/09/2020","119.50","119.50","119.50","119.30","4.41M","0.00%"
"08/09/2020","119.50","118.60","119.50","118.90","424.60K","0.76%"
"07/09/2020","118.60","118.60","118.60","118.60","879.45K","0.00%"
"04/09/2020","118.60","118.60","120.00","118.70","383.91K","0.00%"
"03/09/2020","118.60","118.00","118.60","118.60","1.59M","0.51%"
"02/09/2020","118.00","118.00","118.00","118.00","1.33M","0.00%"
"01/09/2020","118.00","117.80","118.00","118.00","1.03M","0.17%"
"31/08/2020","117.80","117.80","120.00","118.10","274.04K","0.00%"
"28/08/2020","117.80","117.80","119.60","118.00","47.29K","0.00%"
"27/08/2020","117.80","117.80","119.70","117.80","409.36K","0.00%"
"26/08/2020","117.80","117.80","119.00","117.80","343.92K","0.00%"
"25/08/2020","117.80","117.80","119.50","117.80","247.45K","0.00%"
"24/08/2020","117.80","117.80","119.70","117.80","893.64K","0.00%"
"21/08/2020","117.80","117.80","118.80","117.80","151.71K","0.00%"
"20/08/2020","117.80","117.80","118.80","117.80","291.51K","0.00%"
"19/08/2020","117.80","117.80","119.80","116.00","126.23K","0.00%"
"18/08/2020","117.80","117.80","120.00","116.50","160.90K","0.00%"
"17/08/2020","117.80","115.50","117.80","117.80","396.43K","-1.01%"
"14/08/2020","119.00","119.50","120.00","119.00","3.62M","-0.42%"
"13/08/2020","119.50","118.50","119.50","119.50","1.27M","0.84%"
"12/08/2020","118.50","118.50","120.00","24.80","668.48K","0.00%"
"11/08/2020","118.50","118.50","120.00","117.50","200.96K","0.00%"
"10/08/2020","118.50","118.50","119.90","118.00","1.09M","0.00%"
"07/08/2020","118.50","118.50","119.70","118.00","593.84K","0.00%"
"06/08/2020","118.50","118.00","118.50","118.50","5.37M","0.42%"
"05/08/2020","118.00","118.00","118.10","118.00","1.41M","0.00%"
"04/08/2020","118.00","117.90","119.00","118.00","1.19M","0.08%"
"03/08/2020","117.90","117.90","125.00","118.80","335.25K","0.00%"
"29/07/2020","117.90","118.00","117.90","116.60","659.86K","-0.08%"
"28/07/2020","118.00","120.00","118.60","118.00","7.96M","-1.67%"
"27/07/2020","120.00","120.00","120.00","118.50","553.83K","0.00%"
"24/07/2020","120.00","120.00","120.00","120.00","1.31M","0.00%"
"23/07/2020","120.00","119.00","120.00","120.00","3.12M","0.84%"
"22/07/2020","119.00","119.00","120.00","118.00","417.13K","0.00%"
"21/07/2020","119.00","118.00","119.50","119.00","728.78K","0.85%"
"20/07/2020","118.00","118.00","119.80","118.00","216.90K","0.00%"
"17/07/2020","118.00","118.00","120.00","118.00","577.92K","0.00%"
"16/07/2020","118.00","115.00","118.00","118.00","610.00K","2.61%"
"15/07/2020","115.00","115.00","118.60","116.20","2.51M","0.00%"
"14/07/2020","115.00","115.00","118.00","115.30","313.71K","0.00%"
"13/07/2020","115.00","116.10","116.10","115.00","9.73M","-0.95%"
"10/07/2020","116.10","115.00","116.10","116.10","1.09M","0.96%"
"09/07/2020","115.00","115.00","115.00","115.00","3.26M","0.00%"
"08/07/2020","115.00","115.00","115.00","115.00","27.97M","0.00%"
"07/07/2020","115.00","116.00","115.00","115.00","10.23M","-0.86%"
"06/07/2020","116.00","116.00","120.00","114.00","557.95K","0.00%"
"03/07/2020","116.00","116.00","116.00","116.00","407.36K","0.00%"
"02/07/2020","116.00","116.00","117.00","115.00","560.00K","0.00%"
"01/07/2020","116.00","117.50","116.00","116.00","597.74K","-1.28%"
"30/06/2020","117.50","117.50","118.00","116.20","194.74K","0.00%"
"29/06/2020","117.50","117.50","117.50","117.50","1.72M","0.00%"
"26/06/2020","117.50","117.50","118.00","116.10","55.95K","0.00%"
"25/06/2020","117.50","118.00","118.00","117.50","4.70M","-0.42%"
"24/06/2020","118.00","118.00","118.00","118.00","888.39K","0.00%"
"23/06/2020","118.00","116.10","118.00","118.00","1.30M","1.64%"
"22/06/2020","116.10","116.10","118.40","115.10","136.71K","0.00%"
"19/06/2020","116.10","115.50","116.10","116.10","413.68K","0.52%"
"18/06/2020","115.50","115.00","115.50","115.00","5.33M","0.43%"
"17/06/2020","115.00","115.00","118.50","115.00","218.68K","0.00%"
"16/06/2020","115.00","116.00","115.20","115.00","1.48M","-0.86%"
"15/06/2020","116.00","118.00","116.00","116.00","839.42K","-1.69%"
"11/06/2020","118.00","118.00","118.90","117.10","407.19K","0.00%"
"10/06/2020","118.00","118.00","118.00","118.00","1.13M","0.00%"
"09/06/2020","118.00","118.00","119.00","118.00","844.06K","0.00%"
"08/06/2020","118.00","116.00","118.00","118.00","895.83K","1.72%"
"05/06/2020","116.00","116.00","118.00","116.00","183.70K","0.00%"
"04/06/2020","116.00","118.00","117.60","116.00","8.66M","-1.69%"
"03/06/2020","118.00","116.50","118.10","118.00","1.73M","1.29%"
"02/06/2020","116.50","116.00","118.00","116.50","1.80M","0.43%"
"01/06/2020","116.00","116.00","116.00","116.00","2.40M","0.00%"
"29/05/2020","116.00","116.00","117.00","116.00","3.56M","0.00%"
"28/05/2020","116.00","115.00","120.00","116.00","3.99M","0.87%"
"27/05/2020","115.00","115.00","115.00","114.90","3.78M","0.00%"
"22/05/2020","115.00","111.00","115.00","115.00","2.71M","3.60%"
"21/05/2020","111.00","111.00","115.00","113.10","283.79K","0.00%"
"20/05/2020","111.00","111.00","114.00","111.50","1.33M","0.00%"
"19/05/2020","111.00","111.00","115.00","110.00","842.90K","0.00%"
"18/05/2020","111.00","109.50","111.00","111.00","2.14M","1.37%"
"15/05/2020","109.50","110.00","109.50","109.50","1.43M","-0.45%"
"14/05/2020","110.00","110.00","113.00","110.00","746.14K","0.00%"
"13/05/2020","110.00","111.60","111.60","110.00","1.55M","-1.43%"
"12/05/2020","111.60","112.00","111.60","111.60","2.38M","-0.36%"
"11/05/2020","112.00","112.00","112.00","112.00","900.75K","0.00%"
"08/05/2020","112.00","120.00","113.00","112.00","2.59M","-6.67%"
"07/05/2020","120.00","120.00","119.00","110.40","806.24K","0.00%"
"06/05/2020","120.00","120.00","122.00","117.50","1.46M","0.00%"
"05/05/2020","120.00","116.00","120.00","117.00","7.64M","3.45%"
"04/05/2020","116.00","112.00","116.00","116.00","1.61M","3.57%"
"30/04/2020","112.00","107.40","112.00","110.10","3.53M","4.28%"
"29/04/2020","107.40","104.90","107.40","106.10","2.43M","2.38%"
"28/04/2020","104.90","104.90","107.60","104.50","1.50M","0.00%"
"27/04/2020","104.90","104.00","104.90","104.50","2.11M","0.87%"
"24/04/2020","104.00","100.00","104.00","104.00","849.02K","4.00%"
"23/04/2020","100.00","100.00","107.90","100.60","304.83K","0.00%"
"22/04/2020","100.00","100.00","100.00","100.00","915.78K","0.00%"
"21/04/2020","100.00","100.00","107.40","95.00","1.09M","0.00%"
"20/04/2020","100.00","96.50","100.00","100.00","1.53M","-1.48%"
"17/04/2020","101.50","101.50","109.00","102.00","413.01K","0.00%"
"16/04/2020","101.50","98.00","101.50","101.50","1.03M","3.57%"
"15/04/2020","98.00","98.00","105.50","100.00","896.57K","0.00%"
"14/04/2020","98.00","95.00","98.00","98.00","2.42M","3.16%"
"09/04/2020","95.00","95.00","95.00","95.00","829.25K","0.00%"
"08/04/2020","95.00","94.80","96.90","94.90","3.55M","0.21%"
"07/04/2020","94.80","92.00","94.80","94.20","4.04M","3.04%"
"06/04/2020","92.00","92.00","92.50","92.00","3.35M","0.00%"
"03/04/2020","92.00","92.80","92.00","90.00","2.62M","-0.86%"
"02/04/2020","92.80","98.40","95.00","92.80","1.33M","-5.69%"
"01/04/2020","98.40","90.00","98.40","98.40","1.78M","9.33%"
"31/03/2020","90.00","90.00","99.00","92.00","509.48K","0.00%"
"30/03/2020","90.00","100.00","100.00","90.00","2.62M","-10.00%"
"27/03/2020","100.00","100.00","100.00","100.00","920.89K","0.00%"
"26/03/2020","100.00","100.00","104.00","98.90","601.07K","0.00%"
"25/03/2020","100.00","103.00","100.00","100.00","925.65K","-2.91%"
"24/03/2020","103.00","103.00","103.00","95.00","759.24K","0.00%"
"23/03/2020","103.00","103.00","105.50","97.00","2.42M","0.00%"
"20/03/2020","103.00","99.50","103.00","103.00","1.42M","3.52%"
"19/03/2020","99.50","104.50","99.50","99.50","705.55K","-4.78%"
"18/03/2020","104.50","95.00","104.50","104.00","3.68M","10.00%"
"17/03/2020","95.00","93.10","95.00","92.50","1.21M","2.04%"
"16/03/2020","93.10","93.20","94.00","93.10","2.54M","-0.11%"
"13/03/2020","93.20","93.20","0.00","0.00","654.89K","0.00%"
"12/03/2020","93.20","103.50","100.00","93.20","9.16M","-9.95%"
"11/03/2020","103.50","103.50","103.50","93.20","10.05M","0.00%"
"10/03/2020","103.50","115.00","103.50","103.50","173.05K","-10.00%"
"09/03/2020","115.00","115.00","0.00","0.00","151.39K","0.00%"
"06/03/2020","115.00","115.00","0.00","0.00","941.15K","0.00%"
"05/03/2020","115.00","115.00","0.00","0.00","609.42K","0.00%"
"04/03/2020","115.00","115.00","0.00","0.00","366.80K","0.00%"
"03/03/2020","115.00","110.00","115.00","115.00","628.54K","4.55%"
"02/03/2020","110.00","110.00","110.00","110.00","2.69M","0.00%"
"28/02/2020","110.00","112.10","112.10","110.00","3.74M","-1.87%"
"27/02/2020","112.10","112.00","112.10","112.00","2.52M","0.09%"
"26/02/2020","112.00","116.00","112.00","112.00","2.13M","-3.45%"
"25/02/2020","116.00","116.00","0.00","0.00","133.06K","0.00%"
"24/02/2020","116.00","116.00","0.00","0.00","48.67K","0.00%"
"21/02/2020","116.00","116.00","0.00","0.00","282.02K","0.00%"
"20/02/2020","116.00","116.00","0.00","0.00","268.83K","0.00%"
"19/02/2020","116.00","116.00","0.00","0.00","1.94M","0.00%"
"18/02/2020","116.00","116.00","0.00","0.00","442.32K","0.00%"
"17/02/2020","116.00","116.00","0.00","0.00","1.12M","0.00%"
"14/02/2020","116.00","116.00","0.00","0.00","331.37K","0.00%"
"13/02/2020","116.00","120.00","116.00","115.00","6.85M","-3.33%"
"12/02/2020","120.00","120.00","0.00","0.00","1.29M","0.00%"
"11/02/2020","120.00","115.00","120.00","119.00","4.49M","4.35%"
"10/02/2020","115.00","117.00","115.00","115.00","4.02M","-1.71%"
"07/02/2020","117.00","118.20","118.00","117.00","1.47M","-1.02%"
"06/02/2020","118.20","119.60","118.20","117.00","566.58K","-1.17%"
"05/02/2020","119.60","119.60","0.00","0.00","591.96K","0.00%"
"04/02/2020","119.60","119.60","0.00","0.00","461.21K","0.00%"
"03/02/2020","119.60","119.60","119.60","119.60","1.34M","0.00%"
"31/01/2020","119.60","120.00","120.10","119.60","2.80M","-0.33%"
"30/01/2020","120.00","120.00","123.00","120.00","37.55M","0.00%"
"29/01/2020","120.00","125.00","123.00","120.00","10.68M","-4.00%"
"28/01/2020","125.00","125.00","0.00","0.00","859.49K","0.00%"
"27/01/2020","125.00","125.00","0.00","0.00","1.21M","0.00%"
"24/01/2020","125.00","127.00","126.00","125.00","1.47M","-1.57%"
"23/01/2020","127.00","128.20","127.00","127.00","4.11M","-0.94%"
"22/01/2020","128.20","128.50","128.20","128.20","297.09K","-0.23%"
"21/01/2020","128.50","128.30","128.50","127.00","2.75M","0.16%"
"20/01/2020","128.30","126.60","128.30","128.30","1.12M","1.34%"
"17/01/2020","126.60","123.00","126.60","126.30","893.68K","2.93%"
"16/01/2020","123.00","120.50","123.00","121.90","2.42M","2.07%"
"15/01/2020","120.50","124.20","121.00","120.50","1.01M","-2.98%"
"14/01/2020","124.20","127.60","132.00","124.00","11.96M","-2.66%"
"13/01/2020","127.60","120.00","127.60","120.00","12.00M","10.00%"
"10/01/2020","116.00","116.00","120.00","116.00","4.72M","0.00%"
"09/01/2020","116.00","109.50","119.00","110.00","10.30M","5.94%"
"08/01/2020","109.50","107.60","109.50","108.00","11.95M","1.77%"
"07/01/2020","107.60","108.00","107.60","107.60","3.41M","-0.37%"
"06/01/2020","108.00","109.00","108.50","108.00","3.02M","-0.92%"
"03/01/2020","109.00","109.00","109.00","109.00","4.09M","0.00%"
"02/01/2020","109.00","105.00","109.00","109.00","380.73K","3.81%"